,,Enrichment,Enrichment,Enrichment,Enrichment,Enrichment,Enrichment,Enrichment,Enrichment
,,AUC,NES,MotifSimilarityQvalue,OrthologousIdentity,Annotation,Context,TargetGenes,RankAtMax
TF,MotifID,,,,,,,,
FOXO6,metacluster_134.4,0.14274204377601718,4.79128315921711,5.98603e-06,1.0,motif similar to jaspar__MA0849.1 ('FOXO6'; q-value = 5.99e-06) which is directly annotated,"frozenset({'weight>75.0%', 'activating', 'hg38_10kbp_up_10kbp_down_full_tx_v10_clust.genes_vs_motifs.rankings'})","[('HES5', 1.1969150573215273), ('AJAP1', 3.8625898546355586), ('CAMK2N1', 0.9726909522259045), ('ARHGEF10L', 2.0681479500285618)]",173
FOXO6,metacluster_127.1,0.10397923101025021,3.1809926131289092,4.87498e-07,1.0,motif similar to hocomoco__FOXO6_HUMAN.H11MO.0.D ('FOXO6_HUMAN'; q-value = 4.87e-07) which is directly annotated,"frozenset({'weight>75.0%', 'activating', 'hg38_10kbp_up_10kbp_down_full_tx_v10_clust.genes_vs_motifs.rankings'})","[('SDC3', 7.01394525280125), ('CAMK2N1', 0.9726909522259045), ('HES5', 1.1969150573215273), ('POMGNT1', 1.0756786497520459), ('SLC6A9', 0.9420222482124115), ('LURAP1', 3.509091351464797)]",668
FOXO6,metacluster_134.7,0.10677677812094356,3.2972087322172614,0.0,1.0,gene is directly annotated,"frozenset({'weight>75.0%', 'activating', 'hg38_10kbp_up_10kbp_down_full_tx_v10_clust.genes_vs_motifs.rankings'})","[('MXRA8', 3.000410031778217), ('SDC3', 7.01394525280125), ('KIAA1522', 2.701383275307767), ('ARHGEF10L', 2.0681479500285618), ('ARHGEF16', 1.7044386020216882), ('FOXO6', 1.0), ('CAMK2N1', 0.9726909522259045), ('FOXJ3', 1.1218035222523237), ('AJAP1', 3.8625898546355586)]",1452
FOXO6,metacluster_134.4,0.17221305065600834,4.023230770870084,5.98603e-06,1.0,motif similar to jaspar__MA0849.1 ('FOXO6'; q-value = 5.99e-06) which is directly annotated,"frozenset({'activating', 'weight>90.0%', 'hg38_10kbp_up_10kbp_down_full_tx_v10_clust.genes_vs_motifs.rankings'})","[('AJAP1', 3.8625898546355586), ('GABRD', 12.940090028633483), ('ARHGEF10L', 2.0681479500285618), ('MXRA8', 3.000410031778217)]",817
FOXO6,taipale_tf_pairs__CUX1_FOXO6_RTAAACANNNNNATCRATN_CAP,0.15066469719350073,3.4137990807497194,0.0,1.0,gene is directly annotated,"frozenset({'activating', 'weight>90.0%', 'hg38_10kbp_up_10kbp_down_full_tx_v10_clust.genes_vs_motifs.rankings'})","[('MXRA8', 3.000410031778217), ('GABRD', 12.940090028633483), ('FOXO6', 1.0)]",555
NFIA,tfdimers__MD00259,0.059379615952732646,3.009960778965766,3.68554e-09,1.0,gene is annotated for similar motif tfdimers__MD00601 ('M00806_forward_14_M01292_forward dimer: NF-1 / HOXA13'; q-value = 3.69e-09),"frozenset({'activating', 'weight>90.0%', 'hg38_10kbp_up_10kbp_down_full_tx_v10_clust.genes_vs_motifs.rankings'})","[('AURKAIP1', 4.9022401201484795), ('PLEKHM2', 2.17968658361896), ('NBL1', 7.479459266162909), ('TAL1', 4.936977465678197), ('TACSTD2', 4.6665008351997015), ('AGTRAP', 3.445468299396755), ('TMEM234', 2.5468938131262915), ('EIF3I', 2.511162752065557), ('WRAP73', 6.728537303380071), ('PIK3R3', 3.6360185581570588), ('TSPAN1', 3.2416125821573916), ('DAB1', 2.91167211001984), ('FAM110D', 2.9469911561256508), ('PLOD1', 2.520333589219809), ('KIAA2013', 2.356018446126739), ('PLEKHG5', 3.2072081849955416)]",830
FOXO6,metacluster_134.4,0.14941736418841292,5.013182495782917,5.98603e-06,1.0,motif similar to jaspar__MA0849.1 ('FOXO6'; q-value = 5.99e-06) which is directly annotated,"frozenset({'hg38_10kbp_up_10kbp_down_full_tx_v10_clust.genes_vs_motifs.rankings', 'activating', 'top50'})","[('PRDM16', 0.6703689259390142), ('SDC3', 7.01394525280125), ('CAMK2N1', 0.9726909522259045), ('MAP7D1', 0.7120307119559642), ('HES5', 1.1969150573215273), ('POMGNT1', 1.0756786497520459), ('SLC6A9', 0.9420222482124115), ('LURAP1', 3.509091351464797)]",668
FOXO6,metacluster_188.6,0.10308550795995404,3.0453943422464778,1.14807e-06,1.0,motif similar to jaspar__MA0849.1 ('FOXO6'; q-value = 1.15e-06) which is directly annotated,"frozenset({'hg38_10kbp_up_10kbp_down_full_tx_v10_clust.genes_vs_motifs.rankings', 'activating', 'top50'})","[('MXRA8', 3.000410031778217), ('PRDM16', 0.6703689259390142), ('SDC3', 7.01394525280125), ('KIAA1522', 2.701383275307767), ('USP24', 0.6053178825994622), ('MRPL37', 0.5795556745027296), ('ARHGEF10L', 2.0681479500285618), ('ARHGEF16', 1.7044386020216882), ('FOXO6', 1.0), ('CAMK2N1', 0.9726909522259045), ('FOXJ3', 1.1218035222523237), ('AJAP1', 3.8625898546355586)]",1452
FOXO6,metacluster_127.1,0.11779090759888397,3.6699562216544304,4.87498e-07,1.0,motif similar to hocomoco__FOXO6_HUMAN.H11MO.0.D ('FOXO6_HUMAN'; q-value = 4.87e-07) which is directly annotated,"frozenset({'hg38_10kbp_up_10kbp_down_full_tx_v10_clust.genes_vs_motifs.rankings', 'activating', 'top50'})","[('MXRA8', 3.000410031778217), ('PRDM16', 0.6703689259390142), ('SDC3', 7.01394525280125), ('KIAA1522', 2.701383275307767), ('MAP7D1', 0.7120307119559642), ('CAMK2N1', 0.9726909522259045), ('ARHGEF16', 1.7044386020216882), ('POMGNT1', 1.0756786497520459), ('MRPL37', 0.5795556745027296), ('MTOR', 0.604489099329919)]",1300
FOXO6,metacluster_134.7,0.11089775151813556,3.377192840681953,0.0,1.0,gene is directly annotated,"frozenset({'hg38_10kbp_up_10kbp_down_full_tx_v10_clust.genes_vs_motifs.rankings', 'activating', 'top50'})","[('MXRA8', 3.000410031778217), ('KANK4', 11.411153079872902), ('PRDM16', 0.6703689259390142), ('KIAA1522', 2.701383275307767), ('SLC6A9', 0.9420222482124115), ('SDC3', 7.01394525280125), ('AJAP1', 3.8625898546355586)]",1016
NFIA,tfdimers__MD00071,0.10126374528147054,3.367869753053514,3.62313e-08,1.0,motif similar to tfdimers__MD00601 ('M00806_forward_14_M01292_forward dimer: NF-1 / HOXA13'; q-value = 3.62e-08) which is directly annotated,"frozenset({'hg38_10kbp_up_10kbp_down_full_tx_v10_clust.genes_vs_motifs.rankings', 'activating', 'top50'})","[('ACOT11', 12.563415062763273), ('ZNF593', 6.105984321943996), ('VWA1', 8.286517529620824), ('TINAGL1', 6.022838639815289), ('JUN', 4.885049918117498), ('VAMP3', 4.832337704961054), ('ACOT7', 4.232922549024699)]",797
FOXO6,metacluster_134.4,0.14494775425351497,4.506662839199004,5.98603e-06,1.0,motif similar to jaspar__MA0849.1 ('FOXO6'; q-value = 5.99e-06) which is directly annotated,"frozenset({'top5perTarget', 'activating', 'hg38_10kbp_up_10kbp_down_full_tx_v10_clust.genes_vs_motifs.rankings'})","[('ARHGEF10L', 2.0681479500285618), ('POMGNT1', 1.0756786497520459), ('LURAP1', 3.509091351464797), ('KANK4', 11.411153079872902), ('MIR34AHG', 3.9844149345339037)]",960
FOXO6,metacluster_127.1,0.12123201488046392,3.5985351949219875,4.87498e-07,1.0,motif similar to hocomoco__FOXO6_HUMAN.H11MO.0.D ('FOXO6_HUMAN'; q-value = 4.87e-07) which is directly annotated,"frozenset({'top5perTarget', 'activating', 'hg38_10kbp_up_10kbp_down_full_tx_v10_clust.genes_vs_motifs.rankings'})","[('HES5', 1.1969150573215273), ('AJAP1', 3.8625898546355586), ('ARHGEF10L', 2.0681479500285618)]",173
FOXO6,taipale_tf_pairs__CUX1_FOXO6_RTAAACANNNNNATCRATN_CAP,0.11212320148804639,3.2497387640751056,0.0,1.0,gene is directly annotated,"frozenset({'top5perTarget', 'activating', 'hg38_10kbp_up_10kbp_down_full_tx_v10_clust.genes_vs_motifs.rankings'})","[('MXRA8', 3.000410031778217), ('SDC3', 7.01394525280125), ('KIAA1522', 2.701383275307767), ('ARHGEF10L', 2.0681479500285618), ('ARHGEF16', 1.7044386020216882), ('FOXO6', 1.0), ('FOXJ3', 1.1218035222523237), ('AJAP1', 3.8625898546355586)]",1452
JUN,tfdimers__MD00129,0.05940991553990077,3.2595015567758647,3.3519e-06,1.0,gene is annotated for similar motif tfdimers__MD00479 ('M01127_forward_9_M00925_forward dimer: ISL1 / AP-1'; q-value = 3.35e-06),"frozenset({'top5perTarget', 'activating', 'hg38_10kbp_up_10kbp_down_full_tx_v10_clust.genes_vs_motifs.rankings'})","[('SLC6A9', 1.6452070468471192), ('FAM76A', 1.2582096660846185), ('SZRD1', 1.889148027195571), ('KIAA2013', 0.8642822555628303), ('PGM1', 1.280560515074729), ('EPHA2', 2.210432173721775), ('C1orf122', 1.5491757449484809), ('CASZ1', 2.031683312477825), ('HSPG2', 1.9329287021589088), ('TMEM53', 1.0564402969032856), ('COL16A1', 3.387011679934469), ('TTLL10', 3.7862479600193577), ('NASP', 2.3739255187024013)]",534
FOXO6,metacluster_134.4,0.12281969892202772,4.919305882066179,5.98603e-06,1.0,motif similar to jaspar__MA0849.1 ('FOXO6'; q-value = 5.99e-06) which is directly annotated,"frozenset({'hg38_10kbp_up_10kbp_down_full_tx_v10_clust.genes_vs_motifs.rankings', 'activating', 'top10perTarget'})","[('PLK3', 0.09954456178529365), ('CAMK2N1', 0.9726909522259045), ('AJAP1', 3.8625898546355586), ('FOXO6', 1.0), ('MIR34AHG', 3.9844149345339037), ('HES5', 1.1969150573215273), ('MXRA8', 3.000410031778217), ('ARHGEF10L', 2.0681479500285618), ('DMAP1', 0.8555762903231554), ('SLC6A9', 0.9420222482124115), ('TMEM125', 0.12411007862525965)]",1453
FOXO6,metacluster_127.1,0.09216191583644992,3.373152295544605,4.87498e-07,1.0,motif similar to hocomoco__FOXO6_HUMAN.H11MO.0.D ('FOXO6_HUMAN'; q-value = 4.87e-07) which is directly annotated,"frozenset({'hg38_10kbp_up_10kbp_down_full_tx_v10_clust.genes_vs_motifs.rankings', 'activating', 'top10perTarget'})","[('SDC3', 7.01394525280125), ('CAMK2N1', 0.9726909522259045), ('MAP7D1', 0.7120307119559642), ('HES5', 1.1969150573215273), ('POMGNT1', 1.0756786497520459), ('SLC6A9', 0.9420222482124115), ('LURAP1', 3.509091351464797)]",668
FOXO6,taipale_tf_pairs__ELK1_FOXI1_RSCGGATGTKKN_CAP,0.09205191866494862,3.3676048454648253,1.74782e-07,1.0,gene is annotated for similar motif taipale_tf_pairs__ETV2_FOXO6_RCCGGATGTTKWN_CAP ('ETV2 [ETS] - FOXO6 [Fox]'; q-value = 1.75e-07),"frozenset({'hg38_10kbp_up_10kbp_down_full_tx_v10_clust.genes_vs_motifs.rankings', 'activating', 'top10perTarget'})","[('MXRA8', 3.000410031778217), ('SDC3', 7.01394525280125), ('KIAA1522', 2.701383275307767), ('USP24', 0.6053178825994622), ('ARHGEF10L', 2.0681479500285618), ('ARHGEF16', 1.7044386020216882), ('FOXO6', 1.0), ('CAMK2N1', 0.9726909522259045), ('FOXJ3', 1.1218035222523237), ('AJAP1', 3.8625898546355586)]",1452
FOXO6,taipale_tf_pairs__ETV2_FOXI1_RSCGGATGTTKW_CAP,0.08647349068166818,3.0862698771331187,8.60782e-14,1.0,gene is annotated for similar motif taipale_tf_pairs__ETV2_FOXO6_RCCGGATGTTKWN_CAP ('ETV2 [ETS] - FOXO6 [Fox]'; q-value = 8.61e-14),"frozenset({'hg38_10kbp_up_10kbp_down_full_tx_v10_clust.genes_vs_motifs.rankings', 'activating', 'top10perTarget'})","[('MXRA8', 3.000410031778217), ('SDC3', 7.01394525280125), ('KIAA1522', 2.701383275307767), ('MAP7D1', 0.7120307119559642), ('CAMK2N1', 0.9726909522259045), ('ARHGEF16', 1.7044386020216882), ('POMGNT1', 1.0756786497520459), ('PLK3', 0.09954456178529365), ('MTOR', 0.604489099329919)]",1300
FOXO6,metacluster_134.7,0.08707061818410383,3.1163846061376392,0.0,1.0,gene is directly annotated,"frozenset({'hg38_10kbp_up_10kbp_down_full_tx_v10_clust.genes_vs_motifs.rankings', 'activating', 'top10perTarget'})","[('CAMK2N1', 0.9726909522259045), ('DNAJC11', 0.9623656786676306), ('H6PD', 0.5669899666130681), ('ARHGEF16', 1.7044386020216882), ('MAP7D1', 0.7120307119559642), ('MIR34AHG', 3.9844149345339037)]",538
FOXO6,taipale_tf_pairs__CUX1_FOXO6_RTAAACANNNNNATCRATN_CAP,0.09374901788239731,3.453194075267147,0.0,1.0,gene is directly annotated,"frozenset({'hg38_10kbp_up_10kbp_down_full_tx_v10_clust.genes_vs_motifs.rankings', 'activating', 'top10perTarget'})","[('MXRA8', 3.000410031778217), ('AJAP1', 3.8625898546355586), ('SDC3', 7.01394525280125), ('FOXO6', 1.0), ('SLC6A9', 0.9420222482124115), ('TRIM62', 3.7535039385941693)]",830
POU3F1,tfdimers__MD00129,0.065679980110271,3.509005398697488,3.85516e-06,1.0,gene is annotated for similar motif tfdimers__MD00272 ('M01127_forward_4_M00133_forward dimer: ISL1 / Tst-1'; q-value = 3.86e-06),"frozenset({'top50perTarget', 'activating', 'hg38_10kbp_up_10kbp_down_full_tx_v10_clust.genes_vs_motifs.rankings'})","[('RAVER2', 0.3952938021025787), ('DHRS3', 1.1432511302150958), ('CYP4X1', 0.18992850702768885), ('SLFNL1', 6.869386102617218), ('UTP11', 0.5667350791088477), ('FHL3', 0.2509583070291006), ('FAAP20', 0.30536094197598257), ('ARHGEF10L', 0.07622577783235815), ('VWA1', 0.04223442276670798), ('TACSTD2', 0.04595242937692242), ('HES4', 0.42591976919181335), ('HMGN2', 0.20168571059672202), ('TTLL10', 1.977405318176233), ('ISG15', 0.0393291810814671), ('PIK3R3', 0.15570431697998274), ('CAPZB', 0.09336462746405529), ('SRSF4', 0.039419909577716794)]",846
